{
  "version": 1,
  "author": "Ruchita Rupesh Kahane",
  "editor": "wokwi",
  "parts": [
    {
      "type": "board-esp32-devkit-c-v4",
      "id": "esp",
      "top": 19.2,
      "left": -14.36,
      "attrs": { "env": "micropython-20231227-v1.22.0" }
    },
    { "type": "wokwi-led", "id": "led1", "top": -70.8, "left": 61.4, "attrs": { "color": "red" } },
    {
      "type": "wokwi-pir-motion-sensor",
      "id": "pir1",
      "top": -34.4,
      "left": -151.38,
      "attrs": {}
    },
    {
      "type": "wokwi-hc-sr04",
      "id": "ultrasonic1",
      "top": -46.5,
      "left": 312.7,
      "attrs": { "distance": "10" }
    },
    {
      "type": "wokwi-resistor",
      "id": "r1",
      "top": -44.05,
      "left": -19.2,
      "attrs": { "value": "220" }
    },
    {
      "type": "wokwi-buzzer",
      "id": "bz1",
      "top": -74.4,
      "left": 165,
      "attrs": { "volume": "0.1" }
    }
  ],
  "connections": [
    [ "esp:TX", "$serialMonitor:RX", "", [] ],
    [ "esp:RX", "$serialMonitor:TX", "", [] ],
    [ "pir1:VCC", "esp:3V3", "red", [ "v0" ] ],
    [ "pir1:GND", "esp:GND.1", "black", [ "v48", "h66.94" ] ],
    [ "pir1:OUT", "esp:12", "green", [ "v0" ] ],
    [ "ultrasonic1:VCC", "esp:3V3", "red", [ "v0" ] ],
    [ "ultrasonic1:GND", "esp:GND.2", "black", [ "v0" ] ],
    [ "ultrasonic1:TRIG", "esp:13", "green", [ "v0" ] ],
    [ "ultrasonic1:ECHO", "esp:14", "green", [ "v0" ] ],
    [ "bz1:1", "esp:26", "green", [ "v0" ] ],
    [ "bz1:2", "esp:GND.1", "green", [ "v0" ] ],
    [ "led1:A", "esp:25", "green", [ "v0" ] ],
    [ "led1:C", "r1:2", "green", [ "v0" ] ],
    [ "r1:1", "esp:GND.1", "green", [ "v192", "h19.2" ] ]
  ],
  "dependencies": {}
}